iso3c,var_name,value,date
ABW,arable_land_cap,0.0190708673430468,2016
ABW,hfce,2246567662.3208,2017
ABW,population,106314,2019
AFG,arable_land_cap,0.218437442839989,2016
AFG,cereal_prod,4897143,2017
AFG,cereal_yield,2024.7,2017
AFG,fies_insecurity_pct,54.3,2017
AFG,hfce,68189721194.7313,2019
AFG,logistics_idx,1.95,2018
AFG,pct_formal_employ,17.6720008850098,2019
AFG,population,38041754,2019
AGO,arable_land_cap,0.169888280080176,2016
AGO,cereal_prod,2891266,2017
AGO,cereal_yield,904.5,2017
AGO,fies_insecurity_pct,64.6,2016
AGO,hfce,114769166518.185,2018
AGO,logistics_idx,2.05,2018
AGO,pct_formal_employ,29.7430000305176,2019
AGO,population,31825295,2019
ALB,arable_land_cap,0.215673923757535,2016
ALB,cereal_prod,701734,2017
ALB,cereal_yield,4813,2017
ALB,fies_insecurity_pct,38.6,2017
ALB,hfce,26416596476.033,2019
ALB,logistics_idx,2.66,2018
ALB,pct_formal_employ,44.6310005187988,2019
ALB,population,2854191,2019
AND,arable_land_cap,0.0100909475321134,2016
AND,population,77142,2019
ARE,arable_land_cap,0.00475377577988629,2016
ARE,cereal_prod,6644,2017
ARE,cereal_yield,23576.3,2017
ARE,hfce,219064194374.82,2019
ARE,logistics_idx,3.96,2018
ARE,pct_formal_employ,96.0540008544922,2019
ARE,population,9770529,2019
ARG,arable_land_cap,0.899281235707852,2016
ARG,cereal_prod,76397223,2017
ARG,cereal_yield,5404.6,2017
ARG,fies_insecurity_pct,32.1,2017
ARG,hfce,652317053856.276,2019
ARG,logistics_idx,2.89,2018
ARG,pct_formal_employ,74.2870025634766,2019
ARG,population,44938712,2019
ARM,arable_land_cap,0.15203603427639,2016
ARM,cereal_prod,298029,2017
ARM,cereal_yield,1975.1,2017
ARM,fies_insecurity_pct,34.3,2017
ARM,hfce,33259241765.4565,2019
ARM,logistics_idx,2.61,2018
ARM,pct_formal_employ,60.1080017089844,2019
ARM,population,2957731,2019
ASM,arable_land_cap,0.053820347679446,2016
ASM,hfce,449428773.575369,2011
ASM,population,55312,2019
ATG,arable_land_cap,0.0423159520560263,2016
ATG,cereal_prod,77,2017
ATG,cereal_yield,1584.5,2017
ATG,population,97118,2019
AUS,arable_land_cap,1.9035251551337,2016
AUS,cereal_prod,50048804,2017
AUS,cereal_yield,2674.2,2017
AUS,fies_insecurity_pct,13.4,2017
AUS,hfce,708884706671.787,2019
AUS,logistics_idx,3.75,2018
AUS,pct_formal_employ,83.6129989624023,2019
AUS,population,25364307,2019
AUT,arable_land_cap,0.153890475205694,2016
AUT,cereal_prod,4874921,2017
AUT,cereal_yield,6259.1,2017
AUT,fies_insecurity_pct,4.4,2017
AUT,hfce,249790736793.524,2019
AUT,logistics_idx,4.03,2018
AUT,pct_formal_employ,88.0699996948242,2019
AUT,population,8877067,2019
AZE,arable_land_cap,0.20486149968866,2016
AZE,cereal_prod,2823836,2017
AZE,cereal_yield,2941.5,2017
AZE,hfce,94561096887.6606,2019
AZE,logistics_idx,2.448376,2014
AZE,pct_formal_employ,32.0040016174316,2019
AZE,population,10023318,2019
BDI,arable_land_cap,0.114416497791094,2016
BDI,cereal_prod,380776,2017
BDI,cereal_yield,1413.5,2017
BDI,hfce,7117713018.88775,2019
BDI,logistics_idx,2.06,2018
BDI,pct_formal_employ,5.34600019454956,2019
BDI,population,11530580,2019
BEL,arable_land_cap,0.074959702711104,2016
BEL,cereal_prod,2764392,2017
BEL,cereal_yield,9050.7,2017
BEL,fies_insecurity_pct,10.3,2017
BEL,hfce,290804644437.88,2019
BEL,logistics_idx,4.04,2018
BEL,pct_formal_employ,86.036003112793,2019
BEL,population,11484055,2019
BEN,arable_land_cap,0.248342840418478,2016
BEN,cereal_prod,1894163,2017
BEN,cereal_yield,1489.9,2017
BEN,hfce,27448831324.9223,2019
BEN,logistics_idx,2.75,2018
BEN,pct_formal_employ,10.9589996337891,2019
BEN,population,11801151,2019
BFA,arable_land_cap,0.321778309975267,2016
BFA,cereal_prod,4063197,2017
BFA,cereal_yield,1009,2017
BFA,fies_insecurity_pct,40.7,2016
BFA,hfce,31395407490.8505,2019
BFA,logistics_idx,2.62,2018
BFA,pct_formal_employ,12.9029998779297,2019
BFA,population,20321378,2019
BGD,arable_land_cap,0.0491496402813171,2016
BGD,cereal_prod,53332244,2017
BGD,cereal_yield,4411.2,2017
BGD,fies_insecurity_pct,30.5,2017
BGD,hfce,556081712122.533,2019
BGD,logistics_idx,2.58,2018
BGD,pct_formal_employ,40.3639984130859,2019
BGD,population,163046161,2019
BGR,arable_land_cap,0.490472405175101,2016
BGR,cereal_prod,9475846,2017
BGR,cereal_yield,5479.7,2017
BGR,fies_insecurity_pct,11.8,2017
BGR,hfce,93806130587.1645,2019
BGR,logistics_idx,3.03,2018
BGR,pct_formal_employ,88.4800033569336,2019
BGR,population,6975761,2019
BHR,arable_land_cap,0.00112218412364916,2016
BHR,hfce,27556641663.873,2018
BHR,logistics_idx,2.93,2018
BHR,pct_formal_employ,97.2050018310547,2019
BHR,population,1641172,2019
BHS,arable_land_cap,0.0211678851430552,2016
BHS,cereal_prod,798,2017
BHS,cereal_yield,8817.8,2017
BHS,hfce,7781968412.57526,2018
BHS,logistics_idx,2.53,2018
BHS,pct_formal_employ,85.9219970703125,2019
BHS,population,389482,2019
BIH,arable_land_cap,0.302988512128547,2016
BIH,cereal_prod,1167005,2017
BIH,cereal_yield,3732.1,2017
BIH,fies_insecurity_pct,9.2,2017
BIH,hfce,34206003745.946,2019
BIH,logistics_idx,2.81,2018
BIH,pct_formal_employ,78.9140014648438,2019
BIH,population,3301000,2019
BLR,arable_land_cap,0.598198123028082,2016
BLR,cereal_prod,7529412,2017
BLR,cereal_yield,3358.7,2017
BLR,hfce,110991543460.491,2019
BLR,logistics_idx,2.57,2018
BLR,pct_formal_employ,95.8280029296875,2019
BLR,population,9466856,2019
BLZ,arable_land_cap,0.211726384364821,2016
BLZ,cereal_prod,118376,2017
BLZ,cereal_yield,4229.1,2017
BLZ,hfce,1730137815.39336,2017
BLZ,pct_formal_employ,66.9649963378906,2019
BLZ,population,390353,2019
BMU,arable_land_cap,0.00464727223597188,2016
BMU,hfce,1747201174.30623,2013
BMU,population,63918,2019
BOL,arable_land_cap,0.403650787046517,2016
BOL,cereal_prod,2321409,2017
BOL,cereal_yield,1869.3,2017
BOL,hfce,74154263056.2576,2019
BOL,logistics_idx,2.36,2018
BOL,pct_formal_employ,31.8610000610352,2019
BOL,population,11513100,2019
BRA,arable_land_cap,0.392776478897592,2016
BRA,cereal_prod,117784130,2017
BRA,cereal_yield,5208.5,2017
BRA,hfce,1963835731336.78,2019
BRA,logistics_idx,2.99,2018
BRA,pct_formal_employ,67.2890014648438,2019
BRA,population,211049527,2019
BRB,arable_land_cap,0.024492995003429,2016
BRB,cereal_prod,99,2017
BRB,cereal_yield,2865.4,2017
BRB,hfce,3327993808.30674,2019
BRB,pct_formal_employ,83.3099975585938,2019
BRB,population,287025,2019
BRN,arable_land_cap,0.0119104335397808,2016
BRN,cereal_prod,2349,2017
BRN,cereal_yield,2554.2,2017
BRN,hfce,5591221469.33795,2019
BRN,logistics_idx,2.71,2018
BRN,pct_formal_employ,91.1539993286133,2019
BRN,population,433285,2019
BTN,arable_land_cap,0.13573880596002,2016
BTN,cereal_prod,188780,2017
BTN,cereal_yield,3371,2017
BTN,hfce,4930184456.22212,2018
BTN,logistics_idx,2.17,2018
BTN,pct_formal_employ,28.4230003356934,2019
BTN,population,763092,2019
BWA,arable_land_cap,0.120188304003954,2016
BWA,cereal_prod,39440,2017
BWA,cereal_yield,400.9,2017
BWA,fies_insecurity_pct,70,2017
BWA,hfce,19841457147.138,2019
BWA,logistics_idx,3.045458,2016
BWA,pct_formal_employ,71.4889984130859,2019
BWA,population,2303697,2019
CAF,arable_land_cap,0.396677866939699,2016
CAF,cereal_prod,142923,2017
CAF,cereal_yield,937.4,2017
CAF,hfce,3253582567.57128,2017
CAF,logistics_idx,2.15,2018
CAF,pct_formal_employ,7.46299982070923,2019
CAF,population,4745185,2019
CAN,arable_land_cap,1.21203605024907,2016
CAN,cereal_prod,56310743,2017
CAN,cereal_yield,4042.5,2017
CAN,fies_insecurity_pct,5,2016
CAN,hfce,1022604203311.09,2019
CAN,logistics_idx,3.73,2018
CAN,pct_formal_employ,84.7249984741211,2019
CAN,population,37589262,2019
CHE,arable_land_cap,0.0476154207804619,2016
CHE,cereal_prod,976614,2017
CHE,cereal_yield,6800.2,2017
CHE,fies_insecurity_pct,3.1,2017
CHE,hfce,282668421814.084,2019
CHE,logistics_idx,3.9,2018
CHE,pct_formal_employ,85.3460006713867,2019
CHE,population,8574832,2019
CHL,arable_land_cap,0.0697344888177764,2016
CHL,cereal_prod,3471209,2017
CHL,cereal_yield,6780.8,2017
CHL,fies_insecurity_pct,13.6,2017
CHL,hfce,255554056532.484,2019
CHL,logistics_idx,3.32,2018
CHL,pct_formal_employ,73.052001953125,2019
CHL,population,18952038,2019
CHN,arable_land_cap,0.0862428508738526,2016
CHN,cereal_prod,617930299,2017
CHN,cereal_yield,6029,2017
CHN,fies_insecurity_pct,9.6,2017
CHN,hfce,8570798639964.38,2018
CHN,logistics_idx,3.61,2018
CHN,pct_formal_employ,53.2519989013672,2019
CHN,population,1397715000,2019
CIV,arable_land_cap,0.121732561621652,2016
CIV,cereal_prod,3290000,2017
CIV,cereal_yield,2148.4,2017
CIV,fies_insecurity_pct,58.1,2016
CIV,hfce,99444327024.9411,2019
CIV,logistics_idx,3.08,2018
CIV,pct_formal_employ,27.2520008087158,2019
CIV,population,25716544,2019
CMR,arable_land_cap,0.259126487119596,2016
CMR,cereal_prod,4061556,2017
CMR,cereal_yield,1664.9,2017
CMR,fies_insecurity_pct,71.2,2017
CMR,hfce,69515837942.2628,2019
CMR,logistics_idx,2.6,2018
CMR,pct_formal_employ,23.3430004119873,2019
CMR,population,25876380,2019
COD,arable_land_cap,0.0901139569676917,2016
COD,cereal_prod,2988342,2017
COD,cereal_yield,770.4,2017
COD,hfce,64211358317.9257,2017
COD,logistics_idx,2.43,2018
COD,pct_formal_employ,18.3229999542236,2019
COD,population,86790567,2019
COG,arable_land_cap,0.110419616627106,2016
COG,cereal_prod,30823,2017
COG,cereal_yield,828.9,2017
COG,hfce,6925789184.26613,2019
COG,logistics_idx,2.49,2018
COG,pct_formal_employ,22.9479999542236,2019
COG,population,5380508,2019
COL,arable_land_cap,0.0350540000086761,2016
COL,cereal_prod,4328820,2017
COL,cereal_yield,4321.9,2017
COL,hfce,493611867841.062,2019
COL,logistics_idx,2.94,2018
COL,pct_formal_employ,48.7999992370605,2019
COL,population,50339443,2019
COM,arable_land_cap,0.0817001679252682,2016
COM,cereal_prod,40362,2017
COM,cereal_yield,1357.1,2017
COM,hfce,2024042590.61107,2017
COM,logistics_idx,2.56,2018
COM,pct_formal_employ,31.3190002441406,2019
COM,population,850886,2019
CPV,arable_land_cap,0.0941360755799724,2016
CPV,cereal_prod,5314,2017
CPV,cereal_yield,167.6,2017
CPV,fies_insecurity_pct,37.7,2017
CPV,hfce,2571923361.03855,2019
CPV,pct_formal_employ,61.1240005493164,2019
CPV,population,549935,2019
CRI,arable_land_cap,0.0505169568585188,2016
CRI,cereal_prod,159045,2017
CRI,cereal_yield,4187,2017
CRI,fies_insecurity_pct,23.2,2017
CRI,hfce,61535512228.3521,2019
CRI,logistics_idx,2.79,2018
CRI,pct_formal_employ,74.8679962158203,2019
CRI,population,5047561,2019
CUB,arable_land_cap,0.263729259449005,2016
CUB,cereal_prod,791668,2017
CUB,cereal_yield,2855.9,2017
CUB,logistics_idx,2.2,2018
CUB,pct_formal_employ,73.3079986572266,2019
CUB,population,11333483,2019
CUW,hfce,2259743117.20143,2014
CUW,population,157538,2019
CYM,arable_land_cap,0.00319647114354124,2016
CYM,population,64948,2019
CYP,arable_land_cap,0.072321771865025,2016
CYP,cereal_prod,48808,2017
CYP,cereal_yield,2009.1,2017
CYP,hfce,21681319884.1026,2019
CYP,logistics_idx,3.15,2018
CYP,pct_formal_employ,86.7679977416992,2019
CYP,population,1198575,2019
CZE,arable_land_cap,0.236032712203251,2016
CZE,cereal_prod,7460859,2017
CZE,cereal_yield,5497.9,2017
CZE,fies_insecurity_pct,3.8,2017
CZE,hfce,192023357303.524,2019
CZE,logistics_idx,3.68,2018
CZE,pct_formal_employ,83.1989974975586,2019
CZE,population,10669709,2019
DEU,arable_land_cap,0.142843838799629,2016
DEU,cereal_prod,45556800,2017
DEU,cereal_yield,7269.9,2017
DEU,fies_insecurity_pct,3.6,2017
DEU,hfce,2307726913412.03,2019
DEU,logistics_idx,4.2,2018
DEU,pct_formal_employ,90.1549987792969,2019
DEU,population,83132799,2019
DJI,arable_land_cap,0.00215259301354412,2016
DJI,cereal_prod,13,2017
DJI,cereal_yield,1935,2017
DJI,hfce,2519086592.36065,2019
DJI,logistics_idx,2.63,2018
DJI,pct_formal_employ,52.8950004577637,2019
DJI,population,973560,2019
DMA,arable_land_cap,0.0841432117463924,2016
DMA,cereal_prod,189,2017
DMA,cereal_yield,1722.9,2017
DMA,population,71808,2019
DNK,arable_land_cap,0.414629164404392,2016
DNK,cereal_prod,10027261,2017
DNK,cereal_yield,6916.5,2017
DNK,fies_insecurity_pct,5.3,2017
DNK,hfce,140446854491.977,2019
DNK,logistics_idx,3.99,2018
DNK,pct_formal_employ,91.9609985351563,2019
DNK,population,5818553,2019
DOM,arable_land_cap,0.0769397743337184,2016
DOM,cereal_prod,633445,2017
DOM,cereal_yield,3153.5,2017
DOM,hfce,128737667269.295,2019
DOM,logistics_idx,2.66,2018
DOM,pct_formal_employ,56.1920013427734,2019
DOM,population,10738958,2019
DZA,arable_land_cap,0.18258801089384,2016
DZA,cereal_prod,3478073,2017
DZA,cereal_yield,990.7,2017
DZA,hfce,229045567737.655,2019
DZA,logistics_idx,2.45,2018
DZA,pct_formal_employ,68.3889999389648,2019
DZA,population,43053054,2019
ECU,arable_land_cap,0.0591833845073544,2016
ECU,cereal_prod,2538291,2017
ECU,cereal_yield,3414.3,2017
ECU,fies_insecurity_pct,23.3,2017
ECU,hfce,117954478604.417,2019
ECU,logistics_idx,2.88,2018
ECU,pct_formal_employ,50.2680015563965,2019
ECU,population,17373662,2019
EGY,arable_land_cap,0.0295061557814227,2016
EGY,cereal_prod,23216824,2017
EGY,cereal_yield,7310.8,2017
EGY,fies_insecurity_pct,36,2017
EGY,hfce,996320056600.347,2018
EGY,logistics_idx,2.82,2018
EGY,pct_formal_employ,68.7460021972656,2019
EGY,population,100388073,2019
ERI,arable_land_cap,0.214687620178396,2011
ERI,cereal_prod,302462,2017
ERI,cereal_yield,642.8,2017
ERI,hfce,4840253083.04303,2011
ERI,logistics_idx,2.09,2018
ERI,pct_formal_employ,13.1199998855591,2019
ERI,population,3213972,2011
ESP,arable_land_cap,0.265406661050835,2016
ESP,cereal_prod,16660325,2017
ESP,cereal_yield,2769.4,2017
ESP,fies_insecurity_pct,7.5,2017
ESP,hfce,1018530693502.33,2019
ESP,logistics_idx,3.83,2018
ESP,pct_formal_employ,84.0820007324219,2019
ESP,population,47076781,2019
EST,arable_land_cap,0.528959788416085,2016
EST,cereal_prod,1311893,2017
EST,cereal_yield,3967.3,2017
EST,fies_insecurity_pct,8.6,2017
EST,hfce,22016219565.8515,2019
EST,logistics_idx,3.31,2018
EST,pct_formal_employ,89.4029998779297,2019
EST,population,1326590,2019
ETH,arable_land_cap,0.145931361914111,2016
ETH,cereal_prod,26276867,2017
ETH,cereal_yield,2538.2,2017
ETH,hfce,172087760248.908,2019
ETH,logistics_idx,2.376767,2016
ETH,pct_formal_employ,13.46399974823,2019
ETH,population,112078730,2019
FIN,arable_land_cap,0.408712676989786,2016
FIN,cereal_prod,3422130,2017
FIN,cereal_yield,3958.5,2017
FIN,fies_insecurity_pct,8.3,2017
FIN,hfce,136769024615.088,2019
FIN,logistics_idx,3.97,2018
FIN,pct_formal_employ,86.8479995727539,2019
FIN,population,5520314,2019
FJI,arable_land_cap,0.189133641831318,2016
FJI,cereal_prod,10069,2017
FJI,cereal_yield,3001.3,2017
FJI,logistics_idx,2.35,2018
FJI,pct_formal_employ,55.6940002441406,2019
FJI,population,889953,2019
FRA,arable_land_cap,0.275101782136707,2016
FRA,cereal_prod,64495956,2017
FRA,cereal_yield,6875.2,2017
FRA,fies_insecurity_pct,6.4,2017
FRA,hfce,1567004855197.75,2019
FRA,logistics_idx,3.84,2018
FRA,pct_formal_employ,88.3580017089844,2019
FRA,population,67059887,2019
FRO,arable_land_cap,0.0622755485437901,2016
FRO,population,48678,2019
FSM,arable_land_cap,0.0181463503152928,2016
FSM,cereal_prod,259,2017
FSM,cereal_yield,1661,2017
FSM,population,113815,2019
GAB,arable_land_cap,0.161862826981587,2016
GAB,cereal_prod,46898,2017
GAB,cereal_yield,1601.1,2017
GAB,hfce,11476710916.3617,2019
GAB,logistics_idx,2.16,2018
GAB,pct_formal_employ,66.1569976806641,2019
GAB,population,2172579,2019
GBR,arable_land_cap,0.0918436741144968,2016
GBR,cereal_prod,23000066,2017
GBR,cereal_yield,7229,2017
GBR,fies_insecurity_pct,5.6,2017
GBR,hfce,1853740211545.38,2019
GBR,logistics_idx,3.99,2018
GBR,pct_formal_employ,84.9499969482422,2019
GBR,population,66834405,2019
GEO,arable_land_cap,0.0922869318753429,2016
GEO,cereal_prod,295781,2017
GEO,cereal_yield,1979.4,2017
GEO,fies_insecurity_pct,34.5,2017
GEO,hfce,36308228848.9801,2019
GEO,logistics_idx,2.44,2018
GEO,pct_formal_employ,48.935001373291,2019
GEO,population,3720382,2019
GHA,arable_land_cap,0.165016814511199,2016
GHA,cereal_prod,3083453,2017
GHA,cereal_yield,1872.9,2017
GHA,fies_insecurity_pct,49.6,2017
GHA,hfce,124371902928.367,2019
GHA,logistics_idx,2.57,2018
GHA,pct_formal_employ,25.6450004577637,2019
GHA,population,30417856,2019
GIN,arable_land_cap,0.264089583957529,2016
GIN,cereal_prod,3755665,2017
GIN,cereal_yield,1167.1,2017
GIN,fies_insecurity_pct,74.1,2017
GIN,hfce,23073376288.8411,2019
GIN,logistics_idx,2.2,2018
GIN,pct_formal_employ,8.49499988555908,2019
GIN,population,12771246,2019
GMB,arable_land_cap,0.20473315127593,2016
GMB,cereal_prod,217833,2017
GMB,cereal_yield,847.9,2017
GMB,fies_insecurity_pct,54.1,2017
GMB,hfce,4872673858.72003,2019
GMB,logistics_idx,2.4,2018
GMB,pct_formal_employ,26.4559993743896,2019
GMB,population,2347706,2019
GNB,arable_land_cap,0.168308893946883,2016
GNB,cereal_prod,230864,2017
GNB,cereal_yield,1563.8,2017
GNB,hfce,2937477300.18047,2017
GNB,logistics_idx,2.39,2018
GNB,pct_formal_employ,22.8659992218018,2019
GNB,population,1920922,2019
GNQ,arable_land_cap,0.0987508836146773,2016
GNQ,hfce,12487250125.8805,2019
GNQ,logistics_idx,2.32,2018
GNQ,pct_formal_employ,14.0389995574951,2019
GNQ,population,1355986,2019
GRC,arable_land_cap,0.198589992493484,2016
GRC,cereal_prod,3148997,2017
GRC,cereal_yield,3764,2017
GRC,fies_insecurity_pct,17.4,2017
GRC,hfce,201999909799.657,2019
GRC,logistics_idx,3.2,2018
GRC,pct_formal_employ,66.6259994506836,2019
GRC,population,10716322,2019
GRD,arable_land_cap,0.0272081697064238,2016
GRD,cereal_prod,349,2017
GRD,cereal_yield,1006.5,2017
GRD,population,112003,2019
GRL,arable_land_cap,0.0160387782015183,2015
GRL,population,56225,2019
GTM,arable_land_cap,0.0544615164941947,2016
GTM,cereal_prod,2004356,2017
GTM,cereal_yield,2172.4,2017
GTM,fies_insecurity_pct,43.6,2017
GTM,hfce,110333224528.549,2019
GTM,logistics_idx,2.41,2018
GTM,pct_formal_employ,59.6580009460449,2019
GTM,population,16604026,2019
GUM,arable_land_cap,0.00613681413431031,2016
GUM,cereal_prod,51,2017
GUM,cereal_yield,2648,2017
GUM,hfce,2677875340.49715,2011
GUM,pct_formal_employ,87.5250015258789,2019
GUM,population,167294,2019
GUY,arable_land_cap,0.544488608520469,2016
GUY,cereal_prod,634104,2017
GUY,cereal_yield,3619.8,2017
GUY,hfce,4537976406.18601,2019
GUY,logistics_idx,2.36,2018
GUY,pct_formal_employ,67.5439987182617,2019
GUY,population,782766,2019
HND,arable_land_cap,0.110022926836372,2016
HND,cereal_prod,774813,2017
HND,cereal_yield,1775.4,2017
HND,fies_insecurity_pct,49.3,2017
HND,hfce,43664112328.9382,2019
HND,logistics_idx,2.6,2018
HND,pct_formal_employ,48.6769981384277,2019
HND,population,9746117,2019
HRV,arable_land_cap,0.208894848034987,2016
HRV,cereal_prod,2656778,2017
HRV,cereal_yield,5714.7,2017
HRV,fies_insecurity_pct,7.8,2017
HRV,hfce,60413416114.7028,2019
HRV,logistics_idx,3.1,2018
HRV,pct_formal_employ,88.0039978027344,2019
HRV,population,4067500,2019
HTI,arable_land_cap,0.0987087602640967,2016
HTI,cereal_prod,484000,2017
HTI,cereal_yield,1126,2017
HTI,hfce,18528053490.8435,2018
HTI,logistics_idx,2.11,2018
HTI,pct_formal_employ,27.0650005340576,2019
HTI,population,11263077,2019
HUN,arable_land_cap,0.440594035697695,2016
HUN,cereal_prod,14029434,2017
HUN,cereal_yield,5778.9,2017
HUN,fies_insecurity_pct,8.3,2017
HUN,hfce,145970049177.156,2019
HUN,logistics_idx,3.42,2018
HUN,pct_formal_employ,89.6740036010742,2019
HUN,population,9769949,2019
IDN,arable_land_cap,0.0898475255375916,2016
IDN,cereal_prod,109334000,2017
IDN,cereal_yield,5166.3,2017
IDN,fies_insecurity_pct,8.1,2017
IDN,hfce,1767695433452.79,2019
IDN,logistics_idx,3.15,2018
IDN,pct_formal_employ,48.5120010375977,2019
IDN,population,270625568,2019
IMN,arable_land_cap,0.282156879224849,2016
IMN,population,84584,2019
IND,arable_land_cap,0.118129005104545,2016
IND,cereal_prod,313610000,2017
IND,cereal_yield,3160.8,2017
IND,hfce,5826957693123.52,2019
IND,logistics_idx,3.18,2018
IND,pct_formal_employ,23.7150001525879,2019
IND,population,1366417754,2019
IRL,arable_land_cap,0.0937893965409377,2016
IRL,cereal_prod,2394637,2017
IRL,cereal_yield,8785,2017
IRL,fies_insecurity_pct,6.6,2017
IRL,hfce,108452381074.607,2019
IRL,logistics_idx,3.51,2018
IRL,pct_formal_employ,85.1070022583008,2019
IRL,population,4941444,2019
IRN,arable_land_cap,0.184593497643457,2016
IRN,cereal_prod,20980942,2017
IRN,cereal_yield,2317.1,2017
IRN,hfce,523087204093.23,2017
IRN,logistics_idx,2.85,2018
IRN,pct_formal_employ,54.7750015258789,2019
IRN,population,82913906,2019
IRQ,arable_land_cap,0.136572348710069,2016
IRQ,cereal_prod,3734767,2017
IRQ,cereal_yield,2750.6,2017
IRQ,hfce,280099443967.82,2018
IRQ,logistics_idx,2.18,2018
IRQ,pct_formal_employ,77.5950012207031,2019
IRQ,population,39309783,2019
ISL,arable_land_cap,0.360721323400082,2016
ISL,cereal_prod,7400,2017
ISL,fies_insecurity_pct,6.7,2017
ISL,hfce,9759705698.59822,2019
ISL,logistics_idx,3.23,2018
ISL,pct_formal_employ,87.8949966430664,2019
ISL,population,361313,2019
ITA,arable_land_cap,0.10889448217045,2016
ITA,cereal_prod,16241037,2017
ITA,cereal_yield,5171.4,2017
ITA,fies_insecurity_pct,7.1,2017
ITA,hfce,1436451199687.97,2019
ITA,logistics_idx,3.74,2018
ITA,pct_formal_employ,77.0800018310547,2019
ITA,population,60297396,2019
JAM,arable_land_cap,0.041290493070423,2016
JAM,cereal_prod,2540,2017
JAM,cereal_yield,1162.5,2017
JAM,hfce,23011057875.8274,2019
JAM,logistics_idx,2.52,2018
JAM,pct_formal_employ,60.693000793457,2019
JAM,population,2948279,2019
JOR,arable_land_cap,0.0248401627212695,2016
JOR,cereal_prod,101837,2017
JOR,cereal_yield,1600.8,2017
JOR,hfce,76125100322.251,2018
JOR,logistics_idx,2.69,2018
JOR,pct_formal_employ,84.9850006103516,2019
JOR,population,10101694,2019
JPN,arable_land_cap,0.0329463058446676,2016
JPN,cereal_prod,10906394,2017
JPN,cereal_yield,6049.2,2017
JPN,fies_insecurity_pct,2.8,2017
JPN,hfce,2670518037136.2,2018
JPN,logistics_idx,4.03,2018
JPN,pct_formal_employ,89.7900009155273,2019
JPN,population,126264931,2019
KAZ,arable_land_cap,1.65195622920127,2016
KAZ,cereal_prod,20129018,2017
KAZ,cereal_yield,1355,2017
KAZ,fies_insecurity_pct,9.3,2017
KAZ,hfce,269744596379.568,2019
KAZ,logistics_idx,2.81,2018
KAZ,pct_formal_employ,75.3850021362305,2019
KAZ,population,18513930,2019
KEN,arable_land_cap,0.11824262268987,2016
KEN,cereal_prod,3711048,2017
KEN,cereal_yield,1473.8,2017
KEN,fies_insecurity_pct,56.5,2017
KEN,hfce,172155276248.928,2018
KEN,logistics_idx,2.81,2018
KEN,pct_formal_employ,48.4440002441406,2019
KEN,population,52573973,2019
KGZ,arable_land_cap,0.211859527921704,2016
KGZ,cereal_prod,1720429,2017
KGZ,cereal_yield,3093.8,2017
KGZ,fies_insecurity_pct,23.9,2017
KGZ,hfce,25380850300.3097,2019
KGZ,logistics_idx,2.55,2018
KGZ,pct_formal_employ,64.6139984130859,2019
KGZ,population,6456900,2019
KHM,arable_land_cap,0.241020511289496,2016
KHM,cereal_prod,11100000,2017
KHM,cereal_yield,3568.8,2017
KHM,fies_insecurity_pct,44.9,2017
KHM,hfce,47215673918.1785,2018
KHM,logistics_idx,2.58,2018
KHM,pct_formal_employ,49.6430015563965,2019
KHM,population,16486542,2019
KIR,arable_land_cap,0.017773985994099,2016
KIR,hfce,197137596.836177,2015
KIR,population,117606,2019
KNA,arable_land_cap,0.0968523002421307,2016
KNA,hfce,428726078.899782,2018
KNA,population,52823,2019
KOR,arable_land_cap,0.0277442591592615,2016
KOR,cereal_prod,5468187,2017
KOR,cereal_yield,6672.1,2017
KOR,fies_insecurity_pct,5.4,2017
KOR,hfce,958331879781.679,2019
KOR,logistics_idx,3.61,2018
KOR,pct_formal_employ,75.1309967041016,2019
KOR,population,51709098,2019
KWT,arable_land_cap,0.00202179750434371,2016
KWT,cereal_prod,6103,2017
KWT,cereal_yield,5656.2,2017
KWT,hfce,90472408919.3037,2018
KWT,logistics_idx,2.86,2018
KWT,pct_formal_employ,98.2249984741211,2019
KWT,population,4207083,2019
LAO,arable_land_cap,0.222762825807066,2016
LAO,cereal_prod,5232304,2017
LAO,cereal_yield,4497.7,2017
LAO,hfce,26827585807.757,2016
LAO,logistics_idx,2.7,2018
LAO,pct_formal_employ,19.382999420166,2019
LAO,population,7169455,2019
LBN,arable_land_cap,0.0196688451899467,2016
LBN,cereal_prod,163595,2017
LBN,cereal_yield,3050.7,2017
LBN,hfce,87407166484.9107,2019
LBN,logistics_idx,2.72,2018
LBN,pct_formal_employ,63.773998260498,2019
LBN,population,6855713,2019
LBR,arable_land_cap,0.109008744245428,2016
LBR,cereal_prod,302692,2017
LBR,cereal_yield,1283.6,2017
LBR,fies_insecurity_pct,86.2,2017
LBR,hfce,8451317586.29185,2018
LBR,logistics_idx,2.23,2018
LBR,pct_formal_employ,21.2849998474121,2019
LBR,population,4937374,2019
LBY,arable_land_cap,0.264934773674849,2016
LBY,cereal_prod,178922,2017
LBY,cereal_yield,766.7,2017
LBY,hfce,44622130459.9376,2008
LBY,logistics_idx,2.11,2018
LBY,pct_formal_employ,93.1699981689453,2019
LBY,population,6777452,2019
LCA,arable_land_cap,0.0166644447407012,2016
LCA,fies_insecurity_pct,22.2,2017
LCA,pct_formal_employ,63.5289993286133,2019
LCA,population,182790,2019
LIE,arable_land_cap,0.0573583325144907,2016
LIE,population,38019,2019
LKA,arable_land_cap,0.0613120784794605,2016
LKA,cereal_prod,1823162,2017
LKA,cereal_yield,2146.8,2017
LKA,hfce,184937411332.238,2019
LKA,logistics_idx,2.6,2018
LKA,pct_formal_employ,57.9830017089844,2019
LKA,population,21803000,2019
LSO,arable_land_cap,0.169638472463387,2016
LSO,cereal_prod,216325,2017
LSO,cereal_yield,986.8,2017
LSO,fies_insecurity_pct,77.8,2017
LSO,hfce,4788640728.44544,2019
LSO,logistics_idx,2.28,2018
LSO,pct_formal_employ,83.2490005493164,2019
LSO,population,2125268,2019
LTU,arable_land_cap,0.747010996553712,2016
LTU,cereal_prod,5074188,2017
LTU,cereal_yield,4230.2,2017
LTU,fies_insecurity_pct,11.2,2017
LTU,hfce,58035336965.8959,2019
LTU,logistics_idx,3.02,2018
LTU,pct_formal_employ,88.4690017700195,2019
LTU,population,2786844,2019
LUX,arable_land_cap,0.10628610413212,2016
LUX,cereal_prod,149291,2017
LUX,cereal_yield,5339.5,2017
LUX,fies_insecurity_pct,3.3,2017
LUX,hfce,19608388599.5446,2019
LUX,logistics_idx,3.63,2018
LUX,pct_formal_employ,91.4649963378906,2019
LUX,population,619896,2019
LVA,arable_land_cap,0.657298127057565,2016
LVA,cereal_prod,2692500,2017
LVA,cereal_yield,4250.2,2017
LVA,fies_insecurity_pct,10,2017
LVA,hfce,31757366977.0114,2019
LVA,logistics_idx,2.81,2018
LVA,pct_formal_employ,88.5910034179688,2019
LVA,population,1912789,2019
MAF,population,38002,2019
MAR,arable_land_cap,0.231450534949657,2016
MAR,cereal_prod,9787246,2017
MAR,cereal_yield,1757.7,2017
MAR,hfce,157926871538.256,2019
MAR,logistics_idx,2.54,2018
MAR,pct_formal_employ,49.8279991149902,2019
MAR,population,36471769,2019
MCO,population,38964,2019
MDA,arable_land_cap,0.652101781415164,2016
MDA,cereal_prod,3282555,2017
MDA,cereal_yield,3638.6,2017
MDA,fies_insecurity_pct,25.4,2017
MDA,hfce,26912164776.5259,2019
MDA,logistics_idx,2.46,2018
MDA,pct_formal_employ,62.3409996032715,2019
MDA,population,2657637,2019
MDG,arable_land_cap,0.140593981452842,2016
MDG,cereal_prod,3387220,2017
MDG,cereal_yield,3778.7,2017
MDG,hfce,33967652615.5372,2019
MDG,logistics_idx,2.39,2018
MDG,pct_formal_employ,11.1020002365112,2019
MDG,population,26969307,2019
MDV,arable_land_cap,0.00820166871435151,2016
MDV,cereal_prod,204,2017
MDV,cereal_yield,2568.6,2017
MDV,logistics_idx,2.67,2018
MDV,pct_formal_employ,76.4079971313477,2019
MDV,population,530953,2019
MEX,arable_land_cap,0.182935071849489,2016
MEX,cereal_prod,37487113,2017
MEX,cereal_yield,3799.7,2017
MEX,fies_insecurity_pct,28,2017
MEX,hfce,1489760331465.08,2019
MEX,logistics_idx,3.05,2018
MEX,pct_formal_employ,68.2809982299805,2019
MEX,population,127575529,2019
MHL,arable_land_cap,0.0346410323027626,2016
MHL,hfce,121400994.032355,2011
MHL,population,58791,2019
MKD,arable_land_cap,0.199928391033019,2016
MKD,cereal_prod,641018,2016
MKD,cereal_yield,3858.8,2016
MKD,fies_insecurity_pct,13.2,2017
MKD,hfce,20235724060.9602,2019
MKD,logistics_idx,2.7,2018
MKD,pct_formal_employ,76.6940002441406,2019
MKD,population,2083459,2019
MLI,arable_land_cap,0.356852040660983,2016
MLI,cereal_prod,8866592,2017
MLI,cereal_yield,1526.4,2017
MLI,hfce,38349240385.2069,2019
MLI,logistics_idx,2.59,2018
MLI,pct_formal_employ,18.4099998474121,2019
MLI,population,19658031,2019
MLT,arable_land_cap,0.01991848069384,2016
MLT,cereal_prod,14567,2017
MLT,cereal_yield,4797.5,2017
MLT,hfce,8827938004.11892,2019
MLT,logistics_idx,2.81,2018
MLT,pct_formal_employ,85.9560012817383,2019
MLT,population,502653,2019
MMR,arable_land_cap,0.205635847418201,2016
MMR,cereal_prod,28119281,2017
MMR,cereal_yield,3613.7,2017
MMR,hfce,134855648456.286,2018
MMR,logistics_idx,2.3,2018
MMR,pct_formal_employ,37.935001373291,2019
MMR,population,54045420,2019
MNE,arable_land_cap,0.0144624081837947,2016
MNE,cereal_prod,7310,2017
MNE,cereal_yield,3322.7,2017
MNE,fies_insecurity_pct,12,2017
MNE,hfce,8475524953.28837,2019
MNE,logistics_idx,2.75,2018
MNE,pct_formal_employ,78.4069976806641,2019
MNE,population,622137,2019
MNG,arable_land_cap,0.185580297408462,2016
MNG,cereal_prod,238102,2017
MNG,cereal_yield,609.2,2017
MNG,fies_insecurity_pct,27.1,2017
MNG,hfce,21275100800.9738,2019
MNG,logistics_idx,2.37,2018
MNG,pct_formal_employ,50.5709991455078,2019
MNG,population,3225167,2019
MNP,arable_land_cap,0.0177973944614508,2016
MNP,population,57216,2019
MOZ,arable_land_cap,0.203018748655675,2016
MOZ,cereal_prod,1945143,2017
MOZ,cereal_yield,871.5,2017
MOZ,fies_insecurity_pct,68.6,2017
MOZ,hfce,28751244131.7332,2019
MOZ,logistics_idx,2.684105,2016
MOZ,pct_formal_employ,14.3859996795654,2019
MOZ,population,30366036,2019
MRT,arable_land_cap,0.108081259814379,2016
MRT,cereal_prod,357300,2017
MRT,cereal_yield,1371.2,2017
MRT,hfce,12559483354.0793,2019
MRT,logistics_idx,2.33,2018
MRT,pct_formal_employ,44.8540000915527,2019
MRT,population,4525696,2019
MUS,arable_land_cap,0.059360192105411,2016
MUS,cereal_prod,602,2017
MUS,cereal_yield,5234.8,2017
MUS,fies_insecurity_pct,18.5,2017
MUS,hfce,21142886570.9532,2019
MUS,logistics_idx,2.73,2018
MUS,pct_formal_employ,79.5240020751953,2019
MUS,population,1265711,2019
MWI,arable_land_cap,0.22086231739554,2016
MWI,cereal_prod,3711454,2017
MWI,cereal_yield,1903.1,2017
MWI,fies_insecurity_pct,81.9,2017
MWI,hfce,15882789384.5952,2019
MWI,logistics_idx,2.59,2018
MWI,pct_formal_employ,39.6720008850098,2019
MWI,population,18628747,2019
MYS,arable_land_cap,0.0287438694410432,2016
MYS,cereal_prod,2974455,2017
MYS,cereal_yield,4250.8,2017
MYS,hfce,537199707302.163,2019
MYS,logistics_idx,3.22,2018
MYS,pct_formal_employ,74.7389984130859,2019
MYS,population,31949777,2019
NAM,arable_land_cap,0.339264669274198,2016
NAM,cereal_prod,126809,2017
NAM,cereal_yield,435.9,2017
NAM,fies_insecurity_pct,67.9,2017
NAM,hfce,18279992217.6373,2019
NAM,logistics_idx,2.744745,2016
NAM,pct_formal_employ,62.6790008544922,2019
NAM,population,2494530,2019
NCL,arable_land_cap,0.0225637308664551,2016
NCL,cereal_prod,9621,2017
NCL,cereal_yield,7848.6,2017
NCL,pct_formal_employ,83.1620025634766,2019
NCL,population,287800,2019
NER,arable_land_cap,0.808125976064655,2016
NER,cereal_prod,5899777,2017
NER,cereal_yield,541.9,2017
NER,fies_insecurity_pct,83,2017
NER,hfce,22645439154.7295,2019
NER,logistics_idx,2.07,2018
NER,pct_formal_employ,5.65100002288818,2019
NER,population,23310715,2019
NGA,arable_land_cap,0.18283473414047,2016
NGA,cereal_prod,28873225,2017
NGA,cereal_yield,1462.1,2017
NGA,fies_insecurity_pct,36.4,2016
NGA,hfce,806091228152.736,2018
NGA,logistics_idx,2.53,2018
NGA,pct_formal_employ,18.5520000457764,2019
NGA,population,200963599,2019
NIC,arable_land_cap,0.238579664192777,2016
NIC,cereal_prod,909045,2017
NIC,cereal_yield,2104.1,2017
NIC,hfce,24455223685.1441,2019
NIC,logistics_idx,2.531062,2016
NIC,pct_formal_employ,53.8370018005371,2019
NIC,population,6545502,2019
NLD,arable_land_cap,0.06036295044237,2016
NLD,cereal_prod,1393510,2017
NLD,cereal_yield,8794.1,2017
NLD,fies_insecurity_pct,4.3,2017
NLD,hfce,418148824603.784,2019
NLD,logistics_idx,4.02,2018
NLD,pct_formal_employ,83.3820037841797,2019
NLD,population,17332850,2019
NOR,arable_land_cap,0.153811650102485,2016
NOR,cereal_prod,1284763,2017
NOR,cereal_yield,4491.5,2017
NOR,fies_insecurity_pct,5.1,2017
NOR,hfce,148286192028.197,2019
NOR,logistics_idx,3.7,2018
NOR,pct_formal_employ,93.5390014648438,2019
NOR,population,5347896,2019
NPL,arable_land_cap,0.0775352992937777,2016
NPL,cereal_prod,9758893,2017
NPL,cereal_yield,2795.7,2017
NPL,fies_insecurity_pct,31.6,2017
NPL,hfce,74756338886.0742,2019
NPL,logistics_idx,2.51,2018
NPL,pct_formal_employ,20.5440006256104,2019
NPL,population,28608710,2019
NRU,population,12581,2019
NZL,arable_land_cap,0.121452313986193,2016
NZL,cereal_prod,936995,2017
NZL,cereal_yield,8464.4,2017
NZL,fies_insecurity_pct,14,2017
NZL,hfce,109337724696.479,2018
NZL,logistics_idx,3.88,2018
NZL,pct_formal_employ,81.9509963989258,2019
NZL,population,4917000,2019
OMN,arable_land_cap,0.0125267374982897,2016
OMN,cereal_prod,63411,2017
OMN,cereal_yield,12964.2,2017
OMN,hfce,55695196277.9491,2019
OMN,logistics_idx,3.2,2018
OMN,pct_formal_employ,96.1419982910156,2019
OMN,population,4974986,2019
PAK,arable_land_cap,0.152435368140548,2016
PAK,cereal_prod,44097200,2017
PAK,cereal_yield,3170.8,2017
PAK,hfce,849319828993.675,2019
PAK,logistics_idx,2.42,2018
PAK,pct_formal_employ,43.1110000610352,2019
PAK,population,216565318,2019
PAN,arable_land_cap,0.139457300552528,2016
PAN,cereal_prod,445000,2017
PAN,cereal_yield,2702.2,2017
PAN,hfce,61676961886.6842,2017
PAN,logistics_idx,3.28,2018
PAN,pct_formal_employ,62.6319999694824,2019
PAN,population,4246439,2019
PER,arable_land_cap,0.113431946264558,2016
PER,cereal_prod,5062902,2017
PER,cereal_yield,4166.9,2017
PER,hfce,260282519130.042,2019
PER,logistics_idx,2.69,2018
PER,pct_formal_employ,45.6230010986328,2019
PER,population,32510453,2019
PHL,arable_land_cap,0.05392425467347,2016
PHL,cereal_prod,27191836,2017
PHL,cereal_yield,3692.3,2017
PHL,fies_insecurity_pct,52.5,2017
PHL,hfce,712718393219.474,2019
PHL,logistics_idx,2.9,2018
PHL,pct_formal_employ,63.6609992980957,2019
PHL,population,108116615,2019
PLW,arable_land_cap,0.0564174894217207,2016
PLW,hfce,213184204.561365,2017
PLW,population,18008,2019
PNG,arable_land_cap,0.0362679768271807,2016
PNG,cereal_prod,18978,2017
PNG,cereal_yield,4816.7,2017
PNG,hfce,5528708618.00538,2004
PNG,logistics_idx,2.17,2018
PNG,pct_formal_employ,20.5209999084473,2019
PNG,population,8776109,2019
POL,arable_land_cap,0.284592447733923,2016
POL,cereal_prod,31924964,2017
POL,cereal_yield,4199.6,2017
POL,fies_insecurity_pct,5.3,2017
POL,hfce,693047079151.877,2019
POL,logistics_idx,3.54,2018
POL,pct_formal_employ,79.911003112793,2019
POL,population,37970874,2019
PRI,arable_land_cap,0.0179060385032665,2016
PRI,cereal_prod,248,2017
PRI,cereal_yield,3113.3,2017
PRI,hfce,64252395231.7101,2017
PRI,pct_formal_employ,83.3539962768555,2019
PRI,population,3193694,2019
PRK,arable_land_cap,0.0928569531918768,2016
PRK,cereal_prod,4841326,2017
PRK,cereal_yield,4048,2017
PRK,pct_formal_employ,10.3870000839233,2019
PRK,population,25666161,2019
PRT,arable_land_cap,0.0947822897157583,2016
PRT,cereal_prod,1118507,2017
PRT,cereal_yield,4728.4,2017
PRT,fies_insecurity_pct,11.5,2017
PRT,hfce,212626941799.867,2019
PRT,logistics_idx,3.64,2018
PRT,pct_formal_employ,83.3379974365234,2019
PRT,population,10269417,2019
PRY,arable_land_cap,0.708186876352932,2016
PRY,cereal_prod,7207780,2017
PRY,cereal_yield,4446.5,2017
PRY,hfce,60043791145.5682,2019
PRY,logistics_idx,2.78,2018
PRY,pct_formal_employ,57.1430015563965,2019
PRY,population,7044636,2019
PYF,arable_land_cap,0.00910498042429209,2016
PYF,pct_formal_employ,83.4160003662109,2019
PYF,population,279287,2019
QAT,arable_land_cap,0.00538733433598088,2016
QAT,cereal_prod,1526,2017
QAT,cereal_yield,5107.5,2017
QAT,hfce,56843750113.8749,2019
QAT,logistics_idx,3.47,2018
QAT,pct_formal_employ,99.5780029296875,2019
QAT,population,2832067,2019
ROU,arable_land_cap,0.435584392395048,2016
ROU,cereal_prod,27139079,2017
ROU,cereal_yield,5223,2017
ROU,fies_insecurity_pct,14.7,2017
ROU,hfce,355055227434.18,2019
ROU,logistics_idx,3.12,2018
ROU,pct_formal_employ,75.2180023193359,2019
ROU,population,19356544,2019
RUS,arable_land_cap,0.852984457265764,2016
RUS,cereal_prod,131143688,2017
RUS,cereal_yield,2964.3,2017
RUS,fies_insecurity_pct,6.2,2017
RUS,hfce,2058409707254.16,2019
RUS,logistics_idx,2.76,2018
RUS,pct_formal_employ,93.2099990844727,2019
RUS,population,144373535,2019
RWA,arable_land_cap,0.0986989385875999,2016
RWA,cereal_prod,634901,2017
RWA,cereal_yield,1282.3,2017
RWA,hfce,23006927334.7973,2019
RWA,logistics_idx,2.97,2018
RWA,pct_formal_employ,31.943000793457,2019
RWA,population,12626950,2019
SAU,arable_land_cap,0.107173993479925,2016
SAU,cereal_prod,1429022,2017
SAU,cereal_yield,5600.5,2017
SAU,hfce,698428365576.333,2019
SAU,logistics_idx,3.01,2018
SAU,pct_formal_employ,95.1169967651367,2019
SAU,population,34268528,2019
SDN,cereal_prod,5236294,2017
SDN,cereal_yield,674.2,2017
SDN,hfce,64962201415.7442,2019
SDN,logistics_idx,2.43,2018
SDN,pct_formal_employ,43.9179992675781,2019
SDN,population,42813238,2019
SEN,arable_land_cap,0.213425419287575,2016
SEN,cereal_prod,1692684,2017
SEN,cereal_yield,1275.1,2017
SEN,hfce,40472488932.8763,2019
SEN,logistics_idx,2.25,2018
SEN,pct_formal_employ,34.5139999389648,2019
SEN,population,16296364,2019
SGP,arable_land_cap,9.99E-05,2016
SGP,fies_insecurity_pct,4.1,2017
SGP,hfce,174608203607.317,2019
SGP,logistics_idx,4,2018
SGP,pct_formal_employ,85.9759979248047,2019
SGP,population,5703569,2019
SLB,arable_land_cap,0.0322873835434435,2016
SLB,cereal_prod,2789,2017
SLB,cereal_yield,1622.2,2017
SLB,hfce,476914773.732094,2006
SLB,logistics_idx,2.57,2018
SLB,pct_formal_employ,33.3240013122559,2019
SLB,population,669823,2019
SLE,arable_land_cap,0.216132489215889,2016
SLE,cereal_prod,1495419,2017
SLE,cereal_yield,1956.1,2017
SLE,fies_insecurity_pct,90.8,2017
SLE,hfce,13300561327.9281,2018
SLE,logistics_idx,2.08,2018
SLE,pct_formal_employ,11.2639999389648,2019
SLE,population,7813215,2019
SLV,arable_land_cap,0.115950821119034,2016
SLV,cereal_prod,1026000,2017
SLV,cereal_yield,2794.3,2017
SLV,fies_insecurity_pct,40,2017
SLV,hfce,44916830439.7323,2019
SLV,logistics_idx,2.58,2018
SLV,pct_formal_employ,61.2939987182617,2019
SLV,population,6453553,2019
SMR,arable_land_cap,0.029847182425979,2016
SMR,population,33860,2019
SOM,arable_land_cap,0.0775433532551607,2016
SOM,cereal_prod,187978,2017
SOM,cereal_yield,547,2017
SOM,hfce,20854705252.7666,2017
SOM,logistics_idx,2.21,2018
SOM,pct_formal_employ,11.6450004577637,2019
SOM,population,15442905,2019
SRB,arable_land_cap,0.368076151810586,2016
SRB,cereal_prod,6814534,2017
SRB,cereal_yield,3967.7,2017
SRB,fies_insecurity_pct,11.7,2017
SRB,hfce,75801638162.8623,2019
SRB,logistics_idx,2.84,2018
SRB,pct_formal_employ,72.1029968261719,2019
SRB,population,6944975,2019
SSD,cereal_prod,764000,2017
SSD,cereal_yield,1414.5,2017
SSD,hfce,12831734623.9734,2014
SSD,pct_formal_employ,11.746000289917,2019
SSD,population,11062113,2019
STP,arable_land_cap,0.0428092714514565,2016
STP,cereal_prod,964,2017
STP,cereal_yield,2083.9,2017
STP,logistics_idx,2.65,2018
STP,pct_formal_employ,50.273998260498,2019
STP,population,215056,2019
SUR,arable_land_cap,0.11506705754061,2016
SUR,cereal_prod,274490,2017
SUR,cereal_yield,4464,2017
SUR,hfce,2587001380.08023,2010
SUR,pct_formal_employ,85.8740005493164,2019
SUR,population,581372,2019
SVK,arable_land_cap,0.248029847547267,2016
SVK,cereal_prod,3484061,2017
SVK,cereal_yield,4856,2017
SVK,fies_insecurity_pct,4.7,2017
SVK,hfce,89335796902.6679,2019
SVK,logistics_idx,3.03,2018
SVK,pct_formal_employ,85.2990036010742,2019
SVK,population,5454073,2019
SVN,arable_land_cap,0.0890441961387773,2016
SVN,cereal_prod,551579,2017
SVN,cereal_yield,5543.3,2017
SVN,hfce,38679330316.6573,2019
SVN,logistics_idx,3.31,2018
SVN,pct_formal_employ,85.0240020751953,2019
SVN,population,2087946,2019
SWE,arable_land_cap,0.259455612610015,2016
SWE,cereal_prod,5949600,2017
SWE,cereal_yield,5992.3,2017
SWE,fies_insecurity_pct,5.4,2017
SWE,hfce,244641572182.221,2019
SWE,logistics_idx,4.05,2018
SWE,pct_formal_employ,90.431999206543,2019
SWE,population,10285453,2019
SWZ,arable_land_cap,0.157093818223601,2016
SWZ,cereal_prod,92304,2017
SWZ,cereal_yield,1136.9,2017
SWZ,fies_insecurity_pct,63.5,2017
SWZ,hfce,6625815255.34606,2018
SWZ,pct_formal_employ,65.1750030517578,2019
SWZ,population,1148130,2019
SXM,population,40733,2019
SYC,arable_land_cap,0.00158433416733171,2016
SYC,fies_insecurity_pct,14.3,2017
SYC,hfce,1665848500.53414,2019
SYC,population,97625,2019
SYR,arable_land_cap,0.267103122259035,2016
SYR,cereal_prod,3171006,2017
SYR,cereal_yield,1621.5,2017
SYR,logistics_idx,2.3,2018
SYR,pct_formal_employ,62.9379997253418,2019
SYR,population,17070135,2019
TCA,arable_land_cap,0.0273530457616456,2016
TCA,population,38191,2019
TCD,arable_land_cap,0.336499958177862,2016
TCD,cereal_prod,2716901,2017
TCD,cereal_yield,825.2,2017
TCD,hfce,21437683815.8254,2019
TCD,logistics_idx,2.42,2018
TCD,pct_formal_employ,6.74399995803833,2019
TCD,population,15946876,2019
TGO,arable_land_cap,0.35286510486352,2016
TGO,cereal_prod,1301069,2017
TGO,cereal_yield,1139.3,2017
TGO,fies_insecurity_pct,68.1,2017
TGO,hfce,8756384254.67703,2019
TGO,logistics_idx,2.45,2018
TGO,pct_formal_employ,17.2800006866455,2019
TGO,population,8082366,2019
THA,arable_land_cap,0.243724454150377,2016
THA,cereal_prod,38717417,2017
THA,cereal_yield,3239.7,2017
THA,hfce,651558228354.757,2019
THA,logistics_idx,3.41,2018
THA,pct_formal_employ,48.8330001831055,2019
THA,population,69625582,2019
TJK,arable_land_cap,0.0842607887571638,2016
TJK,cereal_prod,1364951,2017
TJK,cereal_yield,3459.3,2017
TJK,fies_insecurity_pct,29.6,2017
TJK,hfce,19431342988.5003,2017
TJK,logistics_idx,2.34,2018
TJK,pct_formal_employ,57.0839996337891,2019
TJK,population,9321018,2019
TKM,arable_land_cap,0.342612601220831,2016
TKM,cereal_prod,1191719,2017
TKM,cereal_yield,1099.5,2017
TKM,hfce,10260885225.7202,2012
TKM,logistics_idx,2.41,2018
TKM,pct_formal_employ,72.9410018920898,2019
TKM,population,5942089,2019
TLS,arable_land_cap,0.127123370360407,2016
TLS,cereal_prod,187104,2017
TLS,cereal_yield,2508.5,2017
TLS,hfce,2508201304.1469,2018
TLS,logistics_idx,1.71,2007
TLS,pct_formal_employ,31.2859992980957,2019
TLS,population,1293119,2019
TON,arable_land_cap,0.177983447539379,2016
TON,hfce,462309378.609887,2012
TON,pct_formal_employ,46.6529998779297,2019
TON,population,104494,2019
TTO,arable_land_cap,0.0181479771538745,2016
TTO,cereal_prod,5521,2017
TTO,cereal_yield,1371.7,2017
TTO,logistics_idx,2.42,2018
TTO,pct_formal_employ,76.504997253418,2019
TTO,population,1394973,2019
TUN,arable_land_cap,0.256547580818238,2016
TUN,cereal_prod,1642301,2017
TUN,cereal_yield,1532.9,2017
TUN,hfce,97897153137.5473,2018
TUN,logistics_idx,2.57,2018
TUN,pct_formal_employ,72.9459991455078,2019
TUN,population,11694719,2019
TUR,arable_land_cap,0.255331493466616,2016
TUR,cereal_prod,36126157,2017
TUR,cereal_yield,3257.4,2017
TUR,hfce,1125359775081.31,2019
TUR,logistics_idx,3.15,2018
TUR,pct_formal_employ,68.4980010986328,2019
TUR,population,83429615,2019
TUV,population,11646,2019
TZA,arable_land_cap,0.25447311906194,2016
TZA,cereal_prod,10092940,2017
TZA,cereal_yield,1543.8,2017
TZA,fies_insecurity_pct,69.3,2017
TZA,hfce,93618751927.4323,2017
TZA,logistics_idx,2.990185,2016
TZA,pct_formal_employ,14.4969997406006,2019
TZA,population,58005463,2019
UGA,arable_land_cap,0.174033645394997,2016
UGA,cereal_prod,3831448,2017
UGA,cereal_yield,2050.4,2017
UGA,hfce,73691108310.7908,2019
UGA,logistics_idx,2.58,2018
UGA,pct_formal_employ,21.6119995117188,2019
UGA,population,44269594,2019
UKR,arable_land_cap,0.728279911548743,2016
UKR,cereal_prod,60686033,2017
UKR,cereal_yield,4315.8,2017
UKR,hfce,372316366050.919,2019
UKR,logistics_idx,2.83,2018
UKR,pct_formal_employ,84.2590026855469,2019
UKR,population,44385155,2019
URY,arable_land_cap,0.704003262040205,2016
URY,cereal_prod,2669701,2017
URY,cereal_yield,4252.2,2017
URY,fies_insecurity_pct,25.3,2017
URY,hfce,47440424547.1091,2019
URY,logistics_idx,2.69,2018
URY,pct_formal_employ,71.931999206543,2019
URY,population,3461734,2019
USA,arable_land_cap,0.471486597761412,2016
USA,cereal_prod,440117262,2017
USA,cereal_yield,8280.8,2017
USA,fies_insecurity_pct,9.2,2017
USA,hfce,13998665999999.9,2018
USA,logistics_idx,3.89,2018
USA,pct_formal_employ,93.7819976806641,2019
USA,population,328239523,2019
UZB,arable_land_cap,0.138156675950377,2016
UZB,cereal_prod,7043155,2017
UZB,cereal_yield,4341.4,2017
UZB,hfce,119013315709.038,2017
UZB,logistics_idx,2.58,2018
UZB,pct_formal_employ,56.6180000305176,2019
UZB,population,33580650,2019
VCT,arable_land_cap,0.045679204085548,2016
VCT,cereal_prod,633,2017
VCT,cereal_yield,26110.2,2017
VCT,pct_formal_employ,74.6100006103516,2019
VCT,population,110589,2019
VEN,arable_land_cap,0.0904638412843399,2016
VEN,cereal_prod,1475140,2017
VEN,cereal_yield,3138.3,2017
VEN,hfce,254385406171.43,2011
VEN,logistics_idx,2.23,2018
VEN,pct_formal_employ,61.6030006408691,2019
VEN,population,28515829,2019
VGB,arable_land_cap,0.0340657468915006,2016
VGB,population,30030,2019
VIR,arable_land_cap,0.0093014603292717,2016
VIR,pct_formal_employ,87.3369979858398,2019
VIR,population,106631,2019
VNM,arable_land_cap,0.0747340384518695,2016
VNM,cereal_prod,47877218,2017
VNM,cereal_yield,5434.4,2017
VNM,fies_insecurity_pct,14.5,2017
VNM,hfce,516499071047.66,2019
VNM,logistics_idx,3.27,2018
VNM,pct_formal_employ,43.8790016174316,2019
VNM,population,96462106,2019
VUT,arable_land_cap,0.0718571479897963,2016
VUT,cereal_prod,904,2017
VUT,cereal_yield,614.7,2017
VUT,hfce,427371341.256154,2014
VUT,pct_formal_employ,28.1189994812012,2019
VUT,population,299882,2019
WSM,arable_land_cap,0.0411237052458426,2016
WSM,pct_formal_employ,66.984001159668,2019
WSM,population,197097,2019
XKX,arable_land_cap,0.17306986715157,2007
XKX,hfce,16864417335.2588,2019
XKX,population,1794248,2019
YEM,arable_land_cap,0.0459360406887314,2016
YEM,cereal_prod,501466,2017
YEM,cereal_yield,729,2017
YEM,logistics_idx,2.27,2018
YEM,pct_formal_employ,47.0589981079102,2019
YEM,population,29161922,2019
ZAF,arable_land_cap,0.222405468512777,2016
ZAF,cereal_prod,18905871,2017
ZAF,cereal_yield,5648.2,2017
ZAF,fies_insecurity_pct,51.1,2017
ZAF,hfce,447629872494.964,2019
ZAF,logistics_idx,3.38,2018
ZAF,pct_formal_employ,84.447998046875,2019
ZAF,population,58558270,2019
ZMB,arable_land_cap,0.232224058082415,2016
ZMB,cereal_prod,3899237,2017
ZMB,cereal_yield,2477.6,2017
ZMB,hfce,27549131913.0289,2018
ZMB,logistics_idx,2.53,2018
ZMB,pct_formal_employ,21.5629997253418,2019
ZMB,population,17861030,2019
ZWE,arable_land_cap,0.285095425002441,2016
ZWE,cereal_prod,1102705,2017
ZWE,cereal_yield,616,2017
ZWE,hfce,36062604208.1757,2017
ZWE,logistics_idx,2.12,2018
ZWE,pct_formal_employ,34.7910003662109,2019
ZWE,population,14645468,2019
ABW,csi_mean,32.83333333,2012
AFG,csi_mean,15.5388236599999,2012
AGO,csi_mean,36.8420898799999,2012
AIA,csi_mean,52.16,2012
ALB,csi_mean,25.07173121,2012
ALA,csi_mean,16.04157895,2012
AND,csi_mean,0.861428571,2012
ARE,csi_mean,0.042535832,2012
ARG,csi_mean,36.3201802,2012
ARM,csi_mean,49.5521978,2012
ASM,csi_mean,9.92,2012
ATG,csi_mean,53.245,2012
AUS,csi_mean,15.87902076,2012
AUT,csi_mean,23.55702759,2012
AZE,csi_mean,49.02882129,2012
BDI,csi_mean,24.28916129,2012
BEL,csi_mean,50.4192416199999,2012
BEN,csi_mean,50.92229993,2012
BFA,csi_mean,41.53651255,2012
BGD,csi_mean,27.81011601,2012
BGR,csi_mean,50.15601013,2012
BHR,csi_mean,1.162,2012
BHS,csi_mean,34.63934911,2012
BIH,csi_mean,42.3142413399999,2012
BLR,csi_mean,55.47297956,2012
BLZ,csi_mean,27.58826715,2012
BOL,csi_mean,32.6436977599999,2012
BRA,csi_mean,29.4005114999999,2012
BRB,csi_mean,61.59833333,2012
BRN,csi_mean,19.18846154,2012
BTN,csi_mean,2.138795411,2012
BWA,csi_mean,20.5743432299999,2012
CAF,csi_mean,35.84490809,2012
CAN,csi_mean,10.0773986599999,2012
CHE,csi_mean,17.62457143,2012
CHL,csi_mean,9.16053285,2012
CHN,csi_mean,15.92669023,2012
CIV,csi_mean,33.63727728,2012
CMR,csi_mean,33.6468665199999,2012
COD,csi_mean,32.21204174,2012
COG,csi_mean,24.5446361399999,2012
COL,csi_mean,23.77691891,2012
COM,csi_mean,17.76411765,2012
CPV,csi_mean,13.37121951,2012
CRI,csi_mean,21.15248377,2012
CUB,csi_mean,43.7842097599999,2012
CUW,csi_mean,37.206,2012
CYM,csi_mean,39.9975,2012
CYN,csi_mean,31.61520833,2012
CYP,csi_mean,26.5786075899999,2012
CZE,csi_mean,40.79919378,2012
DEU,csi_mean,39.71135478,2012
DJI,csi_mean,0.667519379999999,2012
DMA,csi_mean,10.151,2012
DNK,csi_mean,51.23011377,2012
DOM,csi_mean,51.75470882,2012
DZA,csi_mean,4.898346713,2012
ECU,csi_mean,24.32463866,2012
EGY,csi_mean,0.524293049,2012
ERI,csi_mean,11.84848161,2012
ESP,csi_mean,32.1342945799999,2012
EST,csi_mean,23.8750295299999,2012
ETH,csi_mean,28.04114249,2012
FIN,csi_mean,11.19531253,2012
FJI,csi_mean,13.6453744499999,2012
FRA,csi_mean,44.87416559,2012
GAB,csi_mean,19.61241186,2012
Gaza,csi_mean,55.4175,2012
GBR,csi_mean,25.8424815799999,2012
GEO,csi_mean,34.17228022,2012
GGY,csi_mean,63.3799999999999,2012
GHA,csi_mean,39.67929762,2012
GIN,csi_mean,32.64564182,2012
GMB,csi_mean,29.31140496,2012
GNB,csi_mean,50.8251474499999,2012
GNQ,csi_mean,16.99564516,2012
GRC,csi_mean,22.25510443,2012
GRD,csi_mean,32.1,2012
GTM,csi_mean,30.2004242399999,2012
GUY,csi_mean,27.60718248,2012
HKG,csi_mean,8.506923077,2012
HND,csi_mean,27.86782258,2012
HRV,csi_mean,41.6410643,2012
HTI,csi_mean,53.51261398,2012
HUN,csi_mean,62.6697031,2012
IDN,csi_mean,16.4966929999999,2012
IMN,csi_mean,20.17181818,2012
IND,csi_mean,35.9345515599999,2012
IRL,csi_mean,30.41151172,2012
IRN,csi_mean,16.13865492,2012
IRQ,csi_mean,12.42497453,2012
ISR,csi_mean,27.53587662,2012
ITA,csi_mean,26.8142965,2012
JAM,csi_mean,30.21326087,2012
JEY,csi_mean,58.77666667,2012
JOR,csi_mean,5.17181591999999,2012
JPN,csi_mean,27.73617431,2012
KAZ,csi_mean,30.2486073399999,2012
KEN,csi_mean,39.33720629,2012
KGZ,csi_mean,15.6681337199999,2012
KHM,csi_mean,28.54346278,2012
KNA,csi_mean,46.9766666699999,2012
KOR,csi_mean,21.7424875599999,2012
KOS,csi_mean,40.296,2012
KWT,csi_mean,0.117531915,2012
LAO,csi_mean,11.6315414599999,2012
LBN,csi_mean,28.99507042,2012
LBR,csi_mean,22.41836898,2012
LBY,csi_mean,2.867141115,2012
LCA,csi_mean,19.4683333299999,2012
LIE,csi_mean,13.425,2012
LKA,csi_mean,39.92591495,2012
LSO,csi_mean,30.0220595499999,2012
LTU,csi_mean,46.466059,2012
LUX,csi_mean,32.6275,2012
LVA,csi_mean,39.7338664699999,2012
MAR,csi_mean,19.4957893399999,2012
MDA,csi_mean,90.1235551699999,2012
MDG,csi_mean,38.23270898,2012
MEX,csi_mean,26.4931397999999,2012
MKD,csi_mean,31.88304569,2012
MLI,csi_mean,13.61075693,2012
MLT,csi_mean,70.53166667,2012
MMR,csi_mean,15.23748069,2012
MNE,csi_mean,24.1837037,2012
MNG,csi_mean,9.48411514699999,2012
MOZ,csi_mean,52.88994828,2012
MRT,csi_mean,3.256392248,2012
MSR,csi_mean,34.09,2012
MUS,csi_mean,36.47043478,2012
MWI,csi_mean,37.2619427,2012
MYS,csi_mean,12.31434031,2012
NAM,csi_mean,10.40109679,2012
NCL,csi_mean,22.59025424,2012
NER,csi_mean,10.98748689,2012
NGA,csi_mean,40.53825917,2012
NIC,csi_mean,36.26811125,2012
NLD,csi_mean,32.96338192,2012
NOR,csi_mean,1.779748514,2012
NPL,csi_mean,9.265364851,2012
NZL,csi_mean,24.30109727,2012
OMN,csi_mean,0.994862573999999,2012
PAK,csi_mean,8.91535198099999,2012
PAN,csi_mean,22.95708861,2012
PER,csi_mean,15.45141674,2012
PHL,csi_mean,23.5062266299999,2012
PNG,csi_mean,15.55396313,2012
POL,csi_mean,44.49597302,2012
PRI,csi_mean,42.18580357,2012
PRK,csi_mean,24.42391304,2012
PRT,csi_mean,32.87353996,2012
PRY,csi_mean,50.64995277,2012
QAT,csi_mean,1.64746478899999,2012
ROU,csi_mean,57.8874366799999,2012
RUS,csi_mean,14.92364546,2012
RWA,csi_mean,31.87142373,2012
ESH,csi_mean,0.138257511,2012
SAU,csi_mean,0.192460608,2012
SDN,csi_mean,13.77943977,2012
SSD,csi_mean,34.8819653999999,2012
SEN,csi_mean,28.27990749,2012
SGP,csi_mean,20.2649999999999,2012
SLB,csi_mean,9.275424837,2012
SLE,csi_mean,26.50167447,2012
SLV,csi_mean,30.7216532299999,2012
SMR,csi_mean,46.24,2012
SOL,csi_mean,4.67185483899999,2012
SOM,csi_mean,10.48518438,2012
SPM,csi_mean,15.3825,2012
SRB,csi_mean,53.71561362,2012
STP,csi_mean,27.59818182,2012
SUR,csi_mean,26.74442748,2012
SVK,csi_mean,44.97515152,2012
SVN,csi_mean,32.91321429,2012
SWE,csi_mean,11.8783599999999,2012
SWZ,csi_mean,36.80272321,2012
SXM,csi_mean,42.14,2012
SYR,csi_mean,28.4616628699999,2012
TCA,csi_mean,23.33,2012
TCD,csi_mean,18.1362159,2012
TGO,csi_mean,38.45155589,2012
THA,csi_mean,25.5020227999999,2012
TJK,csi_mean,16.16441871,2012
TKM,csi_mean,18.37128608,2012
TLS,csi_mean,37.63222857,2012
TON,csi_mean,49.60833333,2012
TTO,csi_mean,35.03242424,2012
TUN,csi_mean,14.2843758499999,2012
TUR,csi_mean,40.29305617,2012
TWN,csi_mean,5.01,2012
TZA,csi_mean,42.45141299,2012
UGA,csi_mean,32.99389794,2012
UKR,csi_mean,72.25371178,2012
URY,csi_mean,64.84322803,2012
USA,csi_mean,32.63929823,2012
UZB,csi_mean,19.9464738799999,2012
VCT,csi_mean,14.465,2012
VEN,csi_mean,25.49145142,2012
VIR,csi_mean,51.8425,2012
VNM,csi_mean,13.42990262,2012
VUT,csi_mean,12.7407194199999,2012
PSE,csi_mean,26.42716049,2012
WSM,csi_mean,15.55606061,2012
YEM,csi_mean,0.213458742,2012
ZAF,csi_mean,25.7031409299999,2012
ZMB,csi_mean,47.0209099,2012
ZWE,csi_mean,42.11095396,2012
GUF,csi_mean,17.87276074,2012
AFG,wgi_avg,-1.594262898,2018
ALB,wgi_avg,-0.0232890829999999,2018
DZA,wgi_avg,-0.878956497,2018
ASM,wgi_avg,0.883847991,2018
AND,wgi_avg,1.353258014,2018
AGO,wgi_avg,-1.014517357,2018
AIA,wgi_avg,0.930156762999999,2018
ATG,wgi_avg,0.578100369,2018
ARG,wgi_avg,-0.031544797,2018
ARM,wgi_avg,-0.298543502,2018
ABW,wgi_avg,1.228575279,2018
AUS,wgi_avg,1.544866234,2018
AUT,wgi_avg,1.397234331,2018
AZE,wgi_avg,-0.724484239999999,2018
BHS,wgi_avg,0.697046922999999,2018
BHR,wgi_avg,-0.162563412,2018
BGD,wgi_avg,-0.779563575999999,2018
BRB,wgi_avg,0.942998603,2018
BLR,wgi_avg,-0.632049669,2018
BEL,wgi_avg,1.25144956,2018
BLZ,wgi_avg,-0.261449741,2018
BEN,wgi_avg,-0.280038916,2018
BMU,wgi_avg,1.05719947799999,2018
BTN,wgi_avg,0.395431647999999,2018
BOL,wgi_avg,-0.60060118,2018
BIH,wgi_avg,-0.317796023999999,2018
BWA,wgi_avg,0.668172910999999,2018
BRA,wgi_avg,-0.147756846,2018
BRN,wgi_avg,0.542355179999999,2018
BGR,wgi_avg,0.201901783,2018
BFA,wgi_avg,-0.40372734,2018
BDI,wgi_avg,-1.396985968,2018
CPV,wgi_avg,0.486825567,2018
KHM,wgi_avg,-0.753027804,2018
CMR,wgi_avg,-0.946871609,2018
CAN,wgi_avg,1.662684063,2018
CYM,wgi_avg,0.820224941,2018
CAF,wgi_avg,-1.530022005,2018
TCD,wgi_avg,-1.351162056,2018
CHL,wgi_avg,1.02329091199999,2018
CHN,wgi_avg,-0.419930289,2018
COL,wgi_avg,-0.182256145,2018
COM,wgi_avg,-0.760115726,2018
COD,wgi_avg,-1.56063058,2018
COG,wgi_avg,-1.03949001399999,2018
COK,wgi_avg,0,2018
CRI,wgi_avg,0.634873678,2018
CIV,wgi_avg,-0.571659282,2018
HRV,wgi_avg,0.444205350999999,2018
CUB,wgi_avg,-0.472210846,2018
CYP,wgi_avg,0.872468611,2018
CZE,wgi_avg,0.947017838,2018
DNK,wgi_avg,1.654044112,2018
DJI,wgi_avg,-0.873833448,2018
DMA,wgi_avg,0.599157216,2018
DOM,wgi_avg,-0.150310655,2018
ECU,wgi_avg,-0.527053443,2018
EGY,wgi_avg,-0.877489373,2018
SLV,wgi_avg,-0.20661547,2018
GNQ,wgi_avg,-1.359658154,2018
ERI,wgi_avg,-1.584940444,2018
EST,wgi_avg,1.194268743,2018
ETH,wgi_avg,-0.931375603,2018
FJI,wgi_avg,2.61E-04,2018
FIN,wgi_avg,1.735678444,2018
FRA,wgi_avg,1.043682333,2018
GUF,wgi_avg,1.116093268,2018
GAB,wgi_avg,-0.658957307,2018
GMB,wgi_avg,-0.782199095,2018
GEO,wgi_avg,0.415160368,2018
DEU,wgi_avg,1.51359692199999,2018
GHA,wgi_avg,-0.020715743,2018
GRC,wgi_avg,0.169688774,2018
GRL,wgi_avg,1.386156241,2018
GRD,wgi_avg,0.485954019,2018
GUM,wgi_avg,0.679404380999999,2018
GTM,wgi_avg,-0.572035134,2018
GIN,wgi_avg,-0.874325102,2018
GNB,wgi_avg,-1.187189718,2018
GUY,wgi_avg,-0.178316645,2018
HTI,wgi_avg,-1.174589614,2018
HND,wgi_avg,-0.639568298999999,2018
HKG,wgi_avg,1.39962435799999,2018
HUN,wgi_avg,0.455525012,2018
ISL,wgi_avg,1.47652554499999,2018
IND,wgi_avg,-0.186531864,2018
IDN,wgi_avg,-0.18109869,2018
IRN,wgi_avg,-0.832209547,2018
IRQ,wgi_avg,-1.46241420499999,2018
IRL,wgi_avg,1.40453239299999,2018
ISR,wgi_avg,0.781254191999999,2018
ITA,wgi_avg,0.488828293,2018
JAM,wgi_avg,0.181991073,2018
JPN,wgi_avg,1.359775484,2018
JEY,wgi_avg,1.24002922599999,2018
JOR,wgi_avg,-0.086352587,2018
KAZ,wgi_avg,-0.437767308,2018
KEN,wgi_avg,-0.586124159999999,2018
KIR,wgi_avg,0.179470758,2018
PRK,wgi_avg,-1.650758167,2018
KOR,wgi_avg,0.749123717,2018
XKX,wgi_avg,-0.299321751,2018
KWT,wgi_avg,-0.211234545,2018
KGZ,wgi_avg,-0.761748652,2018
LAO,wgi_avg,-0.672622978999999,2018
LVA,wgi_avg,0.796976422,2018
LBN,wgi_avg,-0.795763924999999,2018
LSO,wgi_avg,-0.267889014,2018
LBR,wgi_avg,-0.765142122,2018
LBY,wgi_avg,-1.864039223,2018
LIE,wgi_avg,1.575522423,2018
LTU,wgi_avg,0.949219932,2018
LUX,wgi_avg,1.674844921,2018
MAC,wgi_avg,0.996453900999999,2018
MKD,wgi_avg,-0.116756829,2018
MDG,wgi_avg,-0.693548207999999,2018
MWI,wgi_avg,-0.454416855,2018
MYS,wgi_avg,0.312080825,2018
MDV,wgi_avg,-0.366100078,2018
MLI,wgi_avg,-0.792952209999999,2018
MLT,wgi_avg,1.029218902,2018
MHL,wgi_avg,-0.0934885449999999,2018
MTQ,wgi_avg,1.024377274,2018
MRT,wgi_avg,-0.779238453,2018
MUS,wgi_avg,0.83676522,2018
MEX,wgi_avg,-0.28201389,2018
FSM,wgi_avg,0.247642657,2018
MDA,wgi_avg,-0.422659051,2018
MCO,wgi_avg,0.923582553999999,2018
MNG,wgi_avg,0.060255769,2018
MNE,wgi_avg,0.071221924,2018
MAR,wgi_avg,-0.260267824,2018
MOZ,wgi_avg,-0.813895722,2018
MMR,wgi_avg,-0.828688294,2018
NAM,wgi_avg,0.359235318999999,2018
NRU,wgi_avg,-0.213411063,2018
NPL,wgi_avg,-0.700216267999999,2018
NLD,wgi_avg,1.672002802,2018
ANT,wgi_avg,0,2018
NZL,wgi_avg,1.842092057,2018
NIC,wgi_avg,-0.582684382999999,2018
NER,wgi_avg,-0.662145833,2018
NGA,wgi_avg,-1.041940739,2018
NIU,wgi_avg,0,2018
NOR,wgi_avg,1.758148809,2018
OMN,wgi_avg,0.216900964,2018
PAK,wgi_avg,-1.01983460799999,2018
PLW,wgi_avg,0.236694187,2018
PAN,wgi_avg,0.174687703,2018
PNG,wgi_avg,-0.544137763999999,2018
PRY,wgi_avg,-0.387628007,2018
PER,wgi_avg,-0.065030297,2018
PHL,wgi_avg,-0.350161424999999,2018
POL,wgi_avg,0.736218978999999,2018
PRT,wgi_avg,1.05750919399999,2018
PRI,wgi_avg,0.543224186,2018
QAT,wgi_avg,0.483145813,2018
REU,wgi_avg,0.87072838,2018
ROU,wgi_avg,0.249959111,2018
RUS,wgi_avg,-0.732821554,2018
RWA,wgi_avg,-0.048180315,2018
WSM,wgi_avg,0.569733082,2018
SMR,wgi_avg,1.065363884,2018
STP,wgi_avg,-0.259925545,2018
SAU,wgi_avg,-0.209612988,2018
SEN,wgi_avg,-0.119785054,2018
SRB,wgi_avg,-0.003633751,2018
SYC,wgi_avg,0.316618574,2018
SLE,wgi_avg,-0.669856552999999,2018
SGP,wgi_avg,1.58952560499999,2018
SVK,wgi_avg,0.712621873,2018
SVN,wgi_avg,0.939565986999999,2018
SLB,wgi_avg,-0.271285117,2018
SOM,wgi_avg,-2.111421565,2018
ZAF,wgi_avg,0.1865307,2018
SSD,wgi_avg,-1.91232240199999,2018
ESP,wgi_avg,0.862098202,2018
LKA,wgi_avg,-0.107486747,2018
KNA,wgi_avg,0.537420159,2018
LCA,wgi_avg,0.566399331,2018
VCT,wgi_avg,0.604264700999999,2018
SDN,wgi_avg,-1.658593893,2018
SUR,wgi_avg,-0.111673455,2018
SWZ,wgi_avg,-0.635029629,2018
SWE,wgi_avg,1.73154196199999,2018
CHE,wgi_avg,1.78406032,2018
SYR,wgi_avg,-1.990330954,2018
TWN,wgi_avg,1.10302475099999,2018
TJK,wgi_avg,-1.138347357,2018
TZA,wgi_avg,-0.411518517,2018
THA,wgi_avg,-0.319611497,2018
TLS,wgi_avg,-0.593197931,2018
TGO,wgi_avg,-0.657246104999999,2018
TON,wgi_avg,0.112465409,2018
TTO,wgi_avg,0.128207367,2018
TUN,wgi_avg,-0.23917368,2018
TUR,wgi_avg,-0.457861463,2018
TKM,wgi_avg,-1.448788663,2018
TUV,wgi_avg,0.244109443,2018
UGA,wgi_avg,-0.587722144999999,2018
UKR,wgi_avg,-0.747529913,2018
ARE,wgi_avg,0.644830287,2018
GBR,wgi_avg,1.41594838099999,2018
USA,wgi_avg,1.23872791699999,2018
URY,wgi_avg,0.878506382,2018
UZB,wgi_avg,-1.12933404699999,2018
VUT,wgi_avg,0.043813314,2018
VEN,wgi_avg,-1.50370633599999,2018
VNM,wgi_avg,-0.338407662,2018
VIR,wgi_avg,0.892487896,2018
PSE,wgi_avg,-0.713224431,2018
YEM,wgi_avg,-1.835708121,2018
ZMB,wgi_avg,-0.326178839,2018
ZWE,wgi_avg,-1.20182415799999,2018
DZA,gfsi_2019,59.8,2019
AGO,gfsi_2019,45.5,2019
ARG,gfsi_2019,70.8,2019
AUS,gfsi_2019,81.4,2019
AUT,gfsi_2019,81.7,2019
AZE,gfsi_2019,64.8,2019
BHR,gfsi_2019,66.6,2019
BGD,gfsi_2019,53.2,2019
BLR,gfsi_2019,70.9,2019
BEL,gfsi_2019,80.7,2019
BEN,gfsi_2019,51,2019
BOL,gfsi_2019,57.7,2019
BWA,gfsi_2019,63.8,2019
BRA,gfsi_2019,70.1,2019
BGR,gfsi_2019,66.2,2019
BFA,gfsi_2019,50.1,2019
BDI,gfsi_2019,34.3,2019
KHM,gfsi_2019,49.4,2019
CMR,gfsi_2019,49.9,2019
CAN,gfsi_2019,82.4,2019
TCD,gfsi_2019,36.9,2019
CHL,gfsi_2019,75.5,2019
CHN,gfsi_2019,71,2019
COL,gfsi_2019,69.4,2019
COD,gfsi_2019,35.7,2019
CRI,gfsi_2019,70.1,2019
CIV,gfsi_2019,52.3,2019
CZE,gfsi_2019,73.1,2019
DNK,gfsi_2019,81,2019
DOM,gfsi_2019,64.2,2019
ECU,gfsi_2019,61.8,2019
EGY,gfsi_2019,64.5,2019
SLV,gfsi_2019,60.7,2019
ETH,gfsi_2019,49.2,2019
FIN,gfsi_2019,82.9,2019
FRA,gfsi_2019,80.4,2019
DEU,gfsi_2019,81.5,2019
GHA,gfsi_2019,62.8,2019
GRC,gfsi_2019,73.4,2019
GTM,gfsi_2019,60.6,2019
GIN,gfsi_2019,46.7,2019
HTI,gfsi_2019,43.3,2019
HND,gfsi_2019,58,2019
HUN,gfsi_2019,72.7,2019
IND,gfsi_2019,58.9,2019
IDN,gfsi_2019,62.6,2019
IRL,gfsi_2019,84,2019
ISR,gfsi_2019,79,2019
ITA,gfsi_2019,75.8,2019
JPN,gfsi_2019,76.5,2019
JOR,gfsi_2019,61,2019
KAZ,gfsi_2019,67.3,2019
KEN,gfsi_2019,50.7,2019
KWT,gfsi_2019,74.8,2019
LAO,gfsi_2019,49.1,2019
MDG,gfsi_2019,37.9,2019
MWI,gfsi_2019,42.5,2019
MYS,gfsi_2019,73.8,2019
MLI,gfsi_2019,54.4,2019
MEX,gfsi_2019,69.4,2019
MAR,gfsi_2019,62.8,2019
MOZ,gfsi_2019,41.4,2019
MMR,gfsi_2019,57,2019
NPL,gfsi_2019,56.4,2019
NLD,gfsi_2019,82,2019
NZL,gfsi_2019,78.8,2019
NIC,gfsi_2019,54.2,2019
NER,gfsi_2019,49.6,2019
NGA,gfsi_2019,48.4,2019
NOR,gfsi_2019,82.9,2019
OMN,gfsi_2019,68.4,2019
PAK,gfsi_2019,56.8,2019
PAN,gfsi_2019,68.8,2019
PRY,gfsi_2019,57.9,2019
PER,gfsi_2019,63.3,2019
PHL,gfsi_2019,61,2019
POL,gfsi_2019,75.6,2019
PRT,gfsi_2019,77.8,2019
QAT,gfsi_2019,81.2,2019
ROU,gfsi_2019,70.2,2019
RUS,gfsi_2019,69.7,2019
RWA,gfsi_2019,48.2,2019
SAU,gfsi_2019,73.5,2019
SEN,gfsi_2019,54.3,2019
SRB,gfsi_2019,62.8,2019
SLE,gfsi_2019,39,2019
SGP,gfsi_2019,87.4,2019
SVK,gfsi_2019,68.3,2019
ZAF,gfsi_2019,67.3,2019
KOR,gfsi_2019,73.6,2019
ESP,gfsi_2019,75.5,2019
LKA,gfsi_2019,60.8,2019
SDN,gfsi_2019,45.7,2019
SWE,gfsi_2019,82.7,2019
CHE,gfsi_2019,83.1,2019
SYR,gfsi_2019,38.4,2019
TJK,gfsi_2019,49,2019
TZA,gfsi_2019,47.6,2019
THA,gfsi_2019,65.1,2019
TGO,gfsi_2019,44,2019
TUN,gfsi_2019,60.1,2019
TUR,gfsi_2019,69.8,2019
UGA,gfsi_2019,46.2,2019
UKR,gfsi_2019,57.1,2019
ARE,gfsi_2019,76.5,2019
GBR,gfsi_2019,79.1,2019
USA,gfsi_2019,83.7,2019
URY,gfsi_2019,72.8,2019
UZB,gfsi_2019,59,2019
VEN,gfsi_2019,31.2,2019
VNM,gfsi_2019,64.6,2019
YEM,gfsi_2019,35.6,2019
ZMB,gfsi_2019,44.4,2019